Date,Espa√±a,Colombia
2020-01-22 00:00:00+00:00,0,0
2020-01-23 00:00:00+00:00,0,0
2020-01-24 00:00:00+00:00,0,0
2020-01-25 00:00:00+00:00,0,0
2020-01-26 00:00:00+00:00,0,0
2020-01-27 00:00:00+00:00,0,0
2020-01-28 00:00:00+00:00,0,0
2020-01-29 00:00:00+00:00,0,0
2020-01-30 00:00:00+00:00,0,0
2020-01-31 00:00:00+00:00,0,0
2020-02-01 00:00:00+00:00,1,0
2020-02-02 00:00:00+00:00,1,0
2020-02-03 00:00:00+00:00,1,0
2020-02-04 00:00:00+00:00,1,0
2020-02-05 00:00:00+00:00,1,0
2020-02-06 00:00:00+00:00,1,0
2020-02-07 00:00:00+00:00,1,0
2020-02-08 00:00:00+00:00,1,0
2020-02-09 00:00:00+00:00,2,0
2020-02-10 00:00:00+00:00,2,0
2020-02-11 00:00:00+00:00,2,0
2020-02-12 00:00:00+00:00,2,0
2020-02-13 00:00:00+00:00,2,0
2020-02-14 00:00:00+00:00,2,0
2020-02-15 00:00:00+00:00,2,0
2020-02-16 00:00:00+00:00,2,0
2020-02-17 00:00:00+00:00,2,0
2020-02-18 00:00:00+00:00,2,0
2020-02-19 00:00:00+00:00,2,0
2020-02-20 00:00:00+00:00,2,0
2020-02-21 00:00:00+00:00,2,0
2020-02-22 00:00:00+00:00,2,0
2020-02-23 00:00:00+00:00,2,0
2020-02-24 00:00:00+00:00,2,0
2020-02-25 00:00:00+00:00,6,0
2020-02-26 00:00:00+00:00,13,0
2020-02-27 00:00:00+00:00,15,0
2020-02-28 00:00:00+00:00,32,0
2020-02-29 00:00:00+00:00,45,0
2020-03-01 00:00:00+00:00,84,0
2020-03-02 00:00:00+00:00,120,0
2020-03-03 00:00:00+00:00,165,0
2020-03-04 00:00:00+00:00,222,0
2020-03-05 00:00:00+00:00,259,0
2020-03-06 00:00:00+00:00,400,1
2020-03-07 00:00:00+00:00,500,1
2020-03-08 00:00:00+00:00,673,1
2020-03-09 00:00:00+00:00,1073,1
2020-03-10 00:00:00+00:00,1695,3
2020-03-11 00:00:00+00:00,2277,9
2020-03-12 00:00:00+00:00,2277,9
2020-03-13 00:00:00+00:00,5232,13
2020-03-14 00:00:00+00:00,6391,22
2020-03-15 00:00:00+00:00,7798,34
2020-03-16 00:00:00+00:00,9942,57
2020-03-17 00:00:00+00:00,11748,75
2020-03-18 00:00:00+00:00,13910,102
2020-03-19 00:00:00+00:00,17963,108
2020-03-20 00:00:00+00:00,20410,158
2020-03-21 00:00:00+00:00,25374,196
2020-03-22 00:00:00+00:00,28768,231
2020-03-23 00:00:00+00:00,35136,277
2020-03-24 00:00:00+00:00,39885,378
2020-03-25 00:00:00+00:00,49515,470
2020-03-26 00:00:00+00:00,57786,491
2020-03-27 00:00:00+00:00,65719,539
2020-03-28 00:00:00+00:00,73235,608
2020-03-29 00:00:00+00:00,80110,702
2020-03-30 00:00:00+00:00,87956,798
2020-03-31 00:00:00+00:00,95923,906
2020-04-01 00:00:00+00:00,104118,1065
2020-04-02 00:00:00+00:00,112065,1161
2020-04-03 00:00:00+00:00,119199,1267
2020-04-04 00:00:00+00:00,126168,1406
2020-04-05 00:00:00+00:00,131646,1485
2020-04-06 00:00:00+00:00,136675,1579
2020-04-07 00:00:00+00:00,141942,1780
2020-04-08 00:00:00+00:00,148220,2054
2020-04-09 00:00:00+00:00,153222,2223
2020-04-10 00:00:00+00:00,158273,2473
2020-04-11 00:00:00+00:00,163027,2709
2020-04-12 00:00:00+00:00,166831,2776
2020-04-13 00:00:00+00:00,170099,2852
2020-04-14 00:00:00+00:00,172541,2979
2020-04-15 00:00:00+00:00,177644,3105
2020-04-16 00:00:00+00:00,184948,3233
2020-04-17 00:00:00+00:00,190839,3439
2020-04-18 00:00:00+00:00,191726,3621
2020-04-19 00:00:00+00:00,198674,3792
2020-04-20 00:00:00+00:00,200210,3977
2020-04-21 00:00:00+00:00,204178,4149
2020-04-22 00:00:00+00:00,208389,4356
2020-04-23 00:00:00+00:00,213024,4561
2020-04-24 00:00:00+00:00,202990,4881
2020-04-25 00:00:00+00:00,205905,5142
2020-04-26 00:00:00+00:00,207634,5379
2020-04-27 00:00:00+00:00,209465,5597
2020-04-28 00:00:00+00:00,210773,5949
2020-04-29 00:00:00+00:00,212917,6207
2020-04-30 00:00:00+00:00,213435,6507
2020-05-01 00:00:00+00:00,215216,7006
2020-05-02 00:00:00+00:00,216582,7285
2020-05-03 00:00:00+00:00,217466,7668
2020-05-04 00:00:00+00:00,218011,7973
2020-05-05 00:00:00+00:00,219329,8613
2020-05-06 00:00:00+00:00,220325,8959
2020-05-07 00:00:00+00:00,221447,9456
2020-05-08 00:00:00+00:00,222857,10051
2020-05-09 00:00:00+00:00,223578,10495
2020-05-10 00:00:00+00:00,224350,11063
2020-05-11 00:00:00+00:00,227436,11613
2020-05-12 00:00:00+00:00,228030,12272
2020-05-13 00:00:00+00:00,228691,12930
2020-05-14 00:00:00+00:00,229540,13610
2020-05-15 00:00:00+00:00,230183,14216
2020-05-16 00:00:00+00:00,230698,14939
2020-05-17 00:00:00+00:00,230698,15574
2020-05-18 00:00:00+00:00,231606,16295
2020-05-19 00:00:00+00:00,232037,16935
2020-05-20 00:00:00+00:00,232555,17687
2020-05-21 00:00:00+00:00,233037,18330
2020-05-22 00:00:00+00:00,234824,19131
2020-05-23 00:00:00+00:00,235290,20177
2020-05-24 00:00:00+00:00,235772,21175
2020-05-25 00:00:00+00:00,235400,21981
2020-05-26 00:00:00+00:00,236259,23003
2020-05-27 00:00:00+00:00,236259,24104
2020-05-28 00:00:00+00:00,237906,25366
2020-05-29 00:00:00+00:00,238564,26688
2020-05-30 00:00:00+00:00,239228,28236
2020-05-31 00:00:00+00:00,239479,29383
2020-06-01 00:00:00+00:00,239638,30493
2020-06-02 00:00:00+00:00,239932,31833
2020-06-03 00:00:00+00:00,240326,33354
2020-06-04 00:00:00+00:00,240660,35120
2020-06-05 00:00:00+00:00,240978,36635
2020-06-06 00:00:00+00:00,241310,38027
2020-06-07 00:00:00+00:00,241550,39236
2020-06-08 00:00:00+00:00,241717,40719
2020-06-09 00:00:00+00:00,241966,42078
2020-06-10 00:00:00+00:00,242280,43682
2020-06-11 00:00:00+00:00,242707,45212
2020-06-12 00:00:00+00:00,243209,46858
2020-06-13 00:00:00+00:00,243605,48746
2020-06-14 00:00:00+00:00,243928,50939
2020-06-15 00:00:00+00:00,244109,53063
2020-06-16 00:00:00+00:00,244328,54931
2020-06-17 00:00:00+00:00,244683,57046
2020-06-18 00:00:00+00:00,245268,60217
2020-06-19 00:00:00+00:00,245575,63276
2020-06-20 00:00:00+00:00,245938,65633
2020-06-21 00:00:00+00:00,246272,68652
2020-06-22 00:00:00+00:00,246504,71183
2020-06-23 00:00:00+00:00,246752,73572
2020-06-24 00:00:00+00:00,247086,77113
2020-06-25 00:00:00+00:00,247486,80599
2020-06-26 00:00:00+00:00,247905,84442
2020-06-27 00:00:00+00:00,248469,88591
2020-06-28 00:00:00+00:00,248770,91769
2020-06-29 00:00:00+00:00,248970,95043
2020-06-30 00:00:00+00:00,249271,97846
2020-07-01 00:00:00+00:00,249659,102009
2020-07-02 00:00:00+00:00,250103,106110
2020-07-03 00:00:00+00:00,250545,109505
2020-07-04 00:00:00+00:00,250545,113389
2020-07-05 00:00:00+00:00,250545,117110
2020-07-06 00:00:00+00:00,251789,120281
2020-07-07 00:00:00+00:00,252130,124494
2020-07-08 00:00:00+00:00,252513,128638
2020-07-09 00:00:00+00:00,253056,133973
2020-07-10 00:00:00+00:00,253908,140776
2020-07-11 00:00:00+00:00,253908,145632
2020-07-12 00:00:00+00:00,253908,150445
2020-07-13 00:00:00+00:00,255953,154277
2020-07-14 00:00:00+00:00,256619,159898
2020-07-15 00:00:00+00:00,257494,165169
2020-07-16 00:00:00+00:00,258855,173206
2020-07-17 00:00:00+00:00,260255,182140
2020-07-18 00:00:00+00:00,260255,190700
2020-07-19 00:00:00+00:00,260255,197278
2020-07-20 00:00:00+00:00,264836,204005
2020-07-21 00:00:00+00:00,266194,211038
2020-07-22 00:00:00+00:00,267551,218428
2020-07-23 00:00:00+00:00,270166,226373
2020-07-24 00:00:00+00:00,272421,233541
2020-07-25 00:00:00+00:00,272421,240795
2020-07-26 00:00:00+00:00,272421,248976
2020-07-27 00:00:00+00:00,278782,257101
2020-07-28 00:00:00+00:00,280610,267385
2020-07-29 00:00:00+00:00,282641,276055
2020-07-30 00:00:00+00:00,285430,286020
2020-07-31 00:00:00+00:00,288522,295508
2020-08-01 00:00:00+00:00,288522,306181
2020-08-02 00:00:00+00:00,288522,317651
2020-08-03 00:00:00+00:00,297054,327850
2020-08-04 00:00:00+00:00,302814,334979
2020-08-05 00:00:00+00:00,305767,345714
2020-08-06 00:00:00+00:00,309855,357710
2020-08-07 00:00:00+00:00,314362,367204
2020-08-08 00:00:00+00:00,314362,376870
2020-08-09 00:00:00+00:00,314362,387481
2020-08-10 00:00:00+00:00,322980,397623
2020-08-11 00:00:00+00:00,326612,410453
2020-08-12 00:00:00+00:00,329784,422519
2020-08-13 00:00:00+00:00,337334,433805
2020-08-14 00:00:00+00:00,342813,445111
2020-08-15 00:00:00+00:00,342813,456689
2020-08-16 00:00:00+00:00,342813,468332
2020-08-17 00:00:00+00:00,359082,476660
2020-08-18 00:00:00+00:00,364196,489122
2020-08-19 00:00:00+00:00,370867,502178
2020-08-20 00:00:00+00:00,377906,513719
2020-08-21 00:00:00+00:00,386054,522138
2020-08-22 00:00:00+00:00,386054,533103
2020-08-23 00:00:00+00:00,386054,541139
2020-08-24 00:00:00+00:00,405436,551688
2020-08-25 00:00:00+00:00,412553,562113
2020-08-26 00:00:00+00:00,419849,572243
2020-08-27 00:00:00+00:00,429507,581995
2020-08-28 00:00:00+00:00,439286,590492
2020-08-29 00:00:00+00:00,439286,599884
2020-08-30 00:00:00+00:00,439286,607904
2020-08-31 00:00:00+00:00,462858,615094
2020-09-01 00:00:00+00:00,470973,624026
2020-09-02 00:00:00+00:00,479554,633321
2020-09-03 00:00:00+00:00,488513,641574
2020-09-04 00:00:00+00:00,498989,650063
2020-09-05 00:00:00+00:00,498989,658456
2020-09-06 00:00:00+00:00,498989,666521
2020-09-07 00:00:00+00:00,525549,671848
2020-09-08 00:00:00+00:00,534513,679513
2020-09-09 00:00:00+00:00,543379,686851
2020-09-10 00:00:00+00:00,554143,694664
2020-09-11 00:00:00+00:00,566326,702088
2020-09-12 00:00:00+00:00,566326,708964
2020-09-13 00:00:00+00:00,566326,716319
2020-09-14 00:00:00+00:00,593730,721892
2020-09-15 00:00:00+00:00,603167,728590
2020-09-16 00:00:00+00:00,614360,736377
2020-09-17 00:00:00+00:00,625651,743945
2020-09-18 00:00:00+00:00,640040,750471
2020-09-19 00:00:00+00:00,640040,758398
2020-09-20 00:00:00+00:00,640040,765076
2020-09-21 00:00:00+00:00,671468,770435
2020-09-22 00:00:00+00:00,682267,777537
2020-09-23 00:00:00+00:00,693556,784268
2020-09-24 00:00:00+00:00,704209,790823
2020-09-25 00:00:00+00:00,716481,798317
2020-09-26 00:00:00+00:00,716481,806038
2020-09-27 00:00:00+00:00,716481,813056
2020-09-28 00:00:00+00:00,748266,818203
2020-09-29 00:00:00+00:00,748266,824042
2020-09-30 00:00:00+00:00,769188,829679
2020-10-01 00:00:00+00:00,778607,835339
2020-10-02 00:00:00+00:00,789932,841532
2020-10-03 00:00:00+00:00,789932,848147
2020-10-04 00:00:00+00:00,789932,855052
2020-10-05 00:00:00+00:00,813412,862158
2020-10-06 00:00:00+00:00,825410,869808
2020-10-07 00:00:00+00:00,835901,877684
2020-10-08 00:00:00+00:00,848324,886179
2020-10-09 00:00:00+00:00,861112,894300
2020-10-10 00:00:00+00:00,861112,902747
2020-10-11 00:00:00+00:00,861112,911316
2020-10-12 00:00:00+00:00,888968,919084
2020-10-13 00:00:00+00:00,896086,924098
2020-10-14 00:00:00+00:00,908056,930159
2020-10-15 00:00:00+00:00,921374,936982
2020-10-16 00:00:00+00:00,936560,945354
2020-10-17 00:00:00+00:00,936560,952371
2020-10-18 00:00:00+00:00,936560,959572
2020-10-19 00:00:00+00:00,974449,965883
2020-10-20 00:00:00+00:00,988322,974139
2020-10-21 00:00:00+00:00,1005295,981700
2020-10-22 00:00:00+00:00,1026281,990373
2020-10-23 00:00:00+00:00,1046132,998942
2020-10-24 00:00:00+00:00,1046132,1007711
2020-10-25 00:00:00+00:00,1046132,1015885
2020-10-26 00:00:00+00:00,1098320,1025052
2020-10-27 00:00:00+00:00,1116738,1033218
2020-10-28 00:00:00+00:00,1136503,1041935
2020-10-29 00:00:00+00:00,1160083,1053122
2020-10-30 00:00:00+00:00,1185678,1063151
2020-10-31 00:00:00+00:00,1185678,1074184
2020-11-01 00:00:00+00:00,1185678,1083321
2020-11-02 00:00:00+00:00,1240697,1093256
2020-11-03 00:00:00+00:00,1259366,1099392
2020-11-04 00:00:00+00:00,1284408,1108086
2020-11-05 00:00:00+00:00,1306316,1117977
2020-11-06 00:00:00+00:00,1328832,1127733
2020-11-07 00:00:00+00:00,1328832,1136447
2020-11-08 00:00:00+00:00,1328832,1143887
2020-11-09 00:00:00+00:00,1381218,1149064
2020-11-10 00:00:00+00:00,1381218,1155356
2020-11-11 00:00:00+00:00,1417709,1165326
2020-11-12 00:00:00+00:00,1437220,1174012
2020-11-13 00:00:00+00:00,1458591,1182697
2020-11-14 00:00:00+00:00,1458591,1191634
2020-11-15 00:00:00+00:00,1458591,1198746
2020-11-16 00:00:00+00:00,1496864,1205217
2020-11-17 00:00:00+00:00,1510023,1211128
2020-11-18 00:00:00+00:00,1525341,1218003
2020-11-19 00:00:00+00:00,1541574,1225490
2020-11-20 00:00:00+00:00,1556730,1233444
2020-11-21 00:00:00+00:00,1556730,1240493
2020-11-22 00:00:00+00:00,1556730,1248417
2020-11-23 00:00:00+00:00,1582616,1254979
2020-11-24 00:00:00+00:00,1594844,1262494
2020-11-25 00:00:00+00:00,1605066,1270991
2020-11-26 00:00:00+00:00,1617355,1280487
2020-11-27 00:00:00+00:00,1628208,1290510
2020-11-28 00:00:00+00:00,1628208,1299613
2020-11-29 00:00:00+00:00,1628208,1308376
2020-11-30 00:00:00+00:00,1648187,1316806
2020-12-01 00:00:00+00:00,1656444,1324792
2020-12-02 00:00:00+00:00,1665775,1334089
2020-12-03 00:00:00+00:00,1675902,1343322
2020-12-04 00:00:00+00:00,1684647,1352607
2020-12-05 00:00:00+00:00,1684647,1362249
2020-12-06 00:00:00+00:00,1684647,1371103
2020-12-07 00:00:00+00:00,1702328,1377100
2020-12-08 00:00:00+00:00,1702328,1384610
2020-12-09 00:00:00+00:00,1712101,1392133
2020-12-10 00:00:00+00:00,1720056,1399911
2020-12-11 00:00:00+00:00,1730575,1408909
2020-12-12 00:00:00+00:00,1730575,1417072
2020-12-13 00:00:00+00:00,1730575,1425774
2020-12-14 00:00:00+00:00,1751884,1434516
2020-12-15 00:00:00+00:00,1762212,1444646
2020-12-16 00:00:00+00:00,1773290,1456599
2020-12-17 00:00:00+00:00,1785421,1468795
2020-12-18 00:00:00+00:00,1797236,1482072
2020-12-19 00:00:00+00:00,1797236,1496062
2020-12-20 00:00:00+00:00,1797236,1507222
2020-12-21 00:00:00+00:00,1819249,1518067
2020-12-22 00:00:00+00:00,1829903,1530593
2020-12-23 00:00:00+00:00,1842289,1544826
2020-12-24 00:00:00+00:00,1854951,1559766
2020-12-25 00:00:00+00:00,1854951,1574707
2020-12-26 00:00:00+00:00,1854951,1584903
2020-12-27 00:00:00+00:00,1854951,1594497
2020-12-28 00:00:00+00:00,1879413,1603807
2020-12-29 00:00:00+00:00,1893502,1614822
2020-12-30 00:00:00+00:00,1910218,1626461
2020-12-31 00:00:00+00:00,1928265,1642775
2021-01-01 00:00:00+00:00,1928265,1654880
2021-01-02 00:00:00+00:00,1928265,1666408
2021-01-03 00:00:00+00:00,1928265,1675820
2021-01-04 00:00:00+00:00,1958844,1686131
2021-01-05 00:00:00+00:00,1982544,1702966
2021-01-06 00:00:00+00:00,1982544,1719771
2021-01-07 00:00:00+00:00,2024904,1737347
2021-01-08 00:00:00+00:00,2050360,1755568
2021-01-09 00:00:00+00:00,2050360,1771363
2021-01-10 00:00:00+00:00,2050360,1786900
2021-01-11 00:00:00+00:00,2111782,1801903
2021-01-12 00:00:00+00:00,2137220,1816082
2021-01-13 00:00:00+00:00,2176089,1831980
2021-01-14 00:00:00+00:00,2211967,1849101
2021-01-15 00:00:00+00:00,2252164,1870179
2021-01-16 00:00:00+00:00,2252164,1891034
2021-01-17 00:00:00+00:00,2252164,1908413
2021-01-18 00:00:00+00:00,2336451,1923132
2021-01-19 00:00:00+00:00,2370742,1939071
2021-01-20 00:00:00+00:00,2412318,1956979
2021-01-21 00:00:00+00:00,2456675,1972345
2021-01-22 00:00:00+00:00,2499560,1987418
2021-01-23 00:00:00+00:00,2499560,2002969
2021-01-24 00:00:00+00:00,2499560,2015485
2021-01-25 00:00:00+00:00,2593382,2027746
2021-01-26 00:00:00+00:00,2629817,2041352
2021-01-27 00:00:00+00:00,2670102,2055305
2021-01-28 00:00:00+00:00,2705001,2067575
2021-01-29 00:00:00+00:00,2743119,2077633
2021-01-30 00:00:00+00:00,2743119,2086806
2021-01-31 00:00:00+00:00,2743119,2094884
2021-02-01 00:00:00+00:00,2822805,2104506
2021-02-02 00:00:00+00:00,2851869,2114597
2021-02-03 00:00:00+00:00,2883465,2125622
2021-02-04 00:00:00+00:00,2913425,2135412
2021-02-05 00:00:00+00:00,2941990,2142660
2021-02-06 00:00:00+00:00,2941990,2151207
2021-02-07 00:00:00+00:00,2941990,2157216
2021-02-08 00:00:00+00:00,2989085,2161462
2021-02-09 00:00:00+00:00,3005487,2166904
2021-02-10 00:00:00+00:00,3023601,2173347
2021-02-11 00:00:00+00:00,3041454,2179641
2021-02-12 00:00:00+00:00,3056035,2185169
2021-02-13 00:00:00+00:00,3056035,2190116
2021-02-14 00:00:00+00:00,3056035,2195039
2021-02-15 00:00:00+00:00,3086286,2198549
2021-02-16 00:00:00+00:00,3096343,2202598
2021-02-17 00:00:00+00:00,3107172,2207701
2021-02-18 00:00:00+00:00,3121687,2212525
2021-02-19 00:00:00+00:00,3133122,2217001
2021-02-20 00:00:00+00:00,3133122,2222018
2021-02-21 00:00:00+00:00,3133122,2226262
2021-02-22 00:00:00+00:00,3153971,2229663
2021-02-23 00:00:00+00:00,3161432,2233589
2021-02-24 00:00:00+00:00,3170644,2237542
2021-02-25 00:00:00+00:00,3180212,2241225
2021-02-26 00:00:00+00:00,3188553,2244792
2021-02-27 00:00:00+00:00,3188553,2248135
2021-02-28 00:00:00+00:00,3188553,2251690
2021-03-01 00:00:00+00:00,3204531,2255260
2021-03-02 00:00:00+00:00,3130184,2259599
2021-03-03 00:00:00+00:00,3136321,2262646
2021-03-04 00:00:00+00:00,3142358,2266211
2021-03-05 00:00:00+00:00,3149012,2269582
2021-03-06 00:00:00+00:00,3149012,2273245
2021-03-07 00:00:00+00:00,3149012,2276656
2021-03-08 00:00:00+00:00,3160970,2278861
2021-03-09 00:00:00+00:00,3164982,2282372
2021-03-10 00:00:00+00:00,3172101,2285960
2021-03-11 00:00:00+00:00,3178356,2290539
2021-03-12 00:00:00+00:00,3183704,2294617
2021-03-13 00:00:00+00:00,3183704,2299082
2021-03-14 00:00:00+00:00,3183704,2303144
2021-03-15 00:00:00+00:00,3195062,2305884
2021-03-16 00:00:00+00:00,3200024,2309600
2021-03-17 00:00:00+00:00,3206116,2314154
2021-03-18 00:00:00+00:00,3212332,2319293
2021-03-19 00:00:00+00:00,3212332,2324426
2021-03-20 00:00:00+00:00,3212332,2331187
2021-03-21 00:00:00+00:00,3212332,2337230
2021-03-22 00:00:00+00:00,3228803,2342278
2021-03-23 00:00:00+00:00,3234319,2347224
2021-03-24 00:00:00+00:00,3234319,2353210
2021-03-25 00:00:00+00:00,3247738,2359942
2021-03-26 00:00:00+00:00,3255324,2367337
2021-03-27 00:00:00+00:00,3255324,2375591
2021-03-28 00:00:00+00:00,3255324,2382730
2021-03-29 00:00:00+00:00,3270825,2389779
2021-03-30 00:00:00+00:00,3275819,2397731
2021-03-31 00:00:00+00:00,3284353,2406377
2021-04-01 00:00:00+00:00,3291394,2417826
2021-04-02 00:00:00+00:00,3291394,2428048
2021-04-03 00:00:00+00:00,3300965,2437197
2021-04-04 00:00:00+00:00,3300965,2446219
2021-04-05 00:00:00+00:00,3311325,2456409
2021-04-06 00:00:00+00:00,3317948,2468236
2021-04-07 00:00:00+00:00,3326736,2479617
2021-04-08 00:00:00+00:00,3336637,2492081
2021-04-09 00:00:00+00:00,3347512,2504206
2021-04-10 00:00:00+00:00,3347512,2518715
2021-04-11 00:00:00+00:00,3347512,2536198
2021-04-12 00:00:00+00:00,3370256,2552937
2021-04-13 00:00:00+00:00,3376548,2569314
2021-04-14 00:00:00+00:00,3387022,2585801
2021-04-15 00:00:00+00:00,3396685,2602719
2021-04-16 00:00:00+00:00,3407283,2619422
2021-04-17 00:00:00+00:00,3407283,2636076
2021-04-18 00:00:00+00:00,3407283,2652947
2021-04-19 00:00:00+00:00,3428354,2667136
2021-04-20 00:00:00+00:00,3428354,2684101
2021-04-21 00:00:00+00:00,3446072,2701313
2021-04-22 00:00:00+00:00,3456886,2720619
2021-04-23 00:00:00+00:00,3468617,2740544
2021-04-24 00:00:00+00:00,3468617,2757274
2021-04-25 00:00:00+00:00,3468617,2774464
2021-04-26 00:00:00+00:00,3488469,2787303
2021-04-27 00:00:00+00:00,3496134,2804881
2021-04-28 00:00:00+00:00,3504799,2824626
2021-04-29 00:00:00+00:00,3514942,2841934
2021-04-30 00:00:00+00:00,3524077,2859724
2021-05-01 00:00:00+00:00,3524077,2877746
2021-05-02 00:00:00+00:00,3524077,2893655
2021-05-03 00:00:00+00:00,3540430,2905254
2021-05-04 00:00:00+00:00,3544945,2919805
2021-05-05 00:00:00+00:00,3551262,2934611
2021-05-06 00:00:00+00:00,3559222,2951101
2021-05-07 00:00:00+00:00,3567408,2968626
2021-05-08 00:00:00+00:00,3567408,2985536
2021-05-09 00:00:00+00:00,3567408,3002758
2021-05-10 00:00:00+00:00,3581392,3015301
2021-05-11 00:00:00+00:00,3586333,3031726
2021-05-12 00:00:00+00:00,3592751,3048719
2021-05-13 00:00:00+00:00,3598452,3067879
2021-05-14 00:00:00+00:00,3604799,3084460
2021-05-15 00:00:00+00:00,3604799,3103333
2021-05-16 00:00:00+00:00,3604799,3118426
2021-05-17 00:00:00+00:00,3615860,3131410
2021-05-18 00:00:00+00:00,3619848,3144547
2021-05-19 00:00:00+00:00,3625928,3161126
2021-05-20 00:00:00+00:00,3631661,3177212
2021-05-21 00:00:00+00:00,3636453,3192050
2021-05-22 00:00:00+00:00,3636453,3210787
2021-05-23 00:00:00+00:00,3636453,3232456
2021-05-24 00:00:00+00:00,3647520,3249433
2021-05-25 00:00:00+00:00,3652879,3270614
2021-05-26 00:00:00+00:00,3657886,3294101
2021-05-27 00:00:00+00:00,3663176,3319193
2021-05-28 00:00:00+00:00,3668658,3342567
2021-05-29 00:00:00+00:00,3668658,3363061
2021-05-30 00:00:00+00:00,3668658,3383279
2021-05-31 00:00:00+00:00,3678390,3406456
2021-06-01 00:00:00+00:00,3682778,3432422
2021-06-02 00:00:00+00:00,3687762,3459422
2021-06-03 00:00:00+00:00,3693012,3488046
2021-06-04 00:00:00+00:00,3697981,3518046
2021-06-05 00:00:00+00:00,3697981,3547017
2021-06-06 00:00:00+00:00,3697981,3571067
2021-06-07 00:00:00+00:00,3707523,3593016
2021-06-08 00:00:00+00:00,3711027,3611602
2021-06-09 00:00:00+00:00,3715454,3633481
2021-06-10 00:00:00+00:00,3729458,3665137
2021-06-11 00:00:00+00:00,3733600,3694707
2021-06-12 00:00:00+00:00,3733600,3724705
2021-06-13 00:00:00+00:00,3733600,3753224
2021-06-14 00:00:00+00:00,3741767,3777600
2021-06-15 00:00:00+00:00,3745199,3802052
2021-06-16 00:00:00+00:00,3749031,3829879
2021-06-17 00:00:00+00:00,3753228,3859824
2021-06-18 00:00:00+00:00,3757442,3888614
2021-06-19 00:00:00+00:00,3757442,3917348
2021-06-20 00:00:00+00:00,3757442,3945166
2021-06-21 00:00:00+00:00,3764651,3968405
2021-06-22 00:00:00+00:00,3768691,3997021
2021-06-23 00:00:00+00:00,3773032,4027016
2021-06-24 00:00:00+00:00,3777539,4060013
2021-06-25 00:00:00+00:00,3782463,4092746
2021-06-26 00:00:00+00:00,3782463,4126340
2021-06-27 00:00:00+00:00,3782463,4158716
2021-06-28 00:00:00+00:00,3792642,4187194
2021-06-29 00:00:00+00:00,3799733,4213074
2021-06-30 00:00:00+00:00,3808960,4240982
2021-07-01 00:00:00+00:00,3821305,4269297
2021-07-02 00:00:00+00:00,3833868,4297302
2021-07-03 00:00:00+00:00,3833868,4324230
2021-07-04 00:00:00+00:00,3833868,4350495
2021-07-05 00:00:00+00:00,3866475,4375861
2021-07-06 00:00:00+00:00,3880612,4402582
2021-07-07 00:00:00+00:00,3897996,4426811
2021-07-08 00:00:00+00:00,3915313,4450086
2021-07-09 00:00:00+00:00,3937192,4471622
2021-07-10 00:00:00+00:00,3937192,4492537
2021-07-11 00:00:00+00:00,3937192,4511960
2021-07-12 00:00:00+00:00,3971124,4530610
2021-07-13 00:00:00+00:00,4015084,4548142
2021-07-14 00:00:00+00:00,4041474,4565372
2021-07-15 00:00:00+00:00,4069162,4583442
2021-07-16 00:00:00+00:00,4100222,4601335
2021-07-17 00:00:00+00:00,4100222,4621260
2021-07-18 00:00:00+00:00,4100222,4639466
2021-07-19 00:00:00+00:00,4161850,4655921
2021-07-20 00:00:00+00:00,4189136,4668750
2021-07-21 00:00:00+00:00,4219723,4679994
2021-07-22 00:00:00+00:00,4249258,4692570
2021-07-23 00:00:00+00:00,4280429,4705734
2021-07-24 00:00:00+00:00,4280429,4716798
2021-07-25 00:00:00+00:00,4280429,4727846
2021-07-26 00:00:00+00:00,4342054,4736349
2021-07-27 00:00:00+00:00,4368453,4747775
2021-07-28 00:00:00+00:00,4395602,4757139
2021-07-29 00:00:00+00:00,4422291,4766829
2021-07-30 00:00:00+00:00,4447044,4776291
2021-07-31 00:00:00+00:00,4447044,4785320
2021-08-01 00:00:00+00:00,4447044,4794414
2021-08-02 00:00:00+00:00,4502983,4801050
2021-08-03 00:00:00+00:00,4523310,4807979
2021-08-04 00:00:00+00:00,4545184,4815063
2021-08-05 00:00:00+00:00,4566571,4821603
2021-08-06 00:00:00+00:00,4588132,4828583
2021-08-07 00:00:00+00:00,4588132,4834634
2021-08-08 00:00:00+00:00,4588132,4838984
2021-08-09 00:00:00+00:00,4627770,4843007
2021-08-10 00:00:00+00:00,4643450,4846955
2021-08-11 00:00:00+00:00,4660473,4852323
2021-08-12 00:00:00+00:00,4677883,4856595
2021-08-13 00:00:00+00:00,4693540,4860622
2021-08-14 00:00:00+00:00,4693540,4864629
2021-08-15 00:00:00+00:00,4693540,4867761
2021-08-16 00:00:00+00:00,4719266,4870922
2021-08-17 00:00:00+00:00,4733602,4874169
2021-08-18 00:00:00+00:00,4745558,4877323
2021-08-19 00:00:00+00:00,4758003,4880516
2021-08-20 00:00:00+00:00,4770453,4883932
2021-08-21 00:00:00+00:00,4770453,4886897
2021-08-22 00:00:00+00:00,4770453,4889537
2021-08-23 00:00:00+00:00,4794352,4892235
2021-08-24 00:00:00+00:00,4804424,4894702
2021-08-25 00:00:00+00:00,4815205,4897150
2021-08-26 00:00:00+00:00,4822320,4899085
2021-08-27 00:00:00+00:00,4831809,4901163
2021-08-28 00:00:00+00:00,4831809,4903304
2021-08-29 00:00:00+00:00,4831809,4905258
2021-08-30 00:00:00+00:00,4847298,4907264
2021-08-31 00:00:00+00:00,4855065,4909086
2021-09-01 00:00:00+00:00,4861883,4911082
2021-09-02 00:00:00+00:00,4871444,4913031
2021-09-03 00:00:00+00:00,4877755,4914881
2021-09-04 00:00:00+00:00,4877755,4916980
2021-09-05 00:00:00+00:00,4877755,4918649
2021-09-06 00:00:00+00:00,4887112,4919773
2021-09-07 00:00:00+00:00,4892640,4921410
2021-09-08 00:00:00+00:00,4898258,4923197
2021-09-09 00:00:00+00:00,4903021,4925000
2021-09-10 00:00:00+00:00,4907461,4926772
2021-09-11 00:00:00+00:00,4907461,4928578
2021-09-12 00:00:00+00:00,4907461,4930249
2021-09-13 00:00:00+00:00,4915265,4931563
2021-09-14 00:00:00+00:00,4918526,4932998
2021-09-15 00:00:00+00:00,4922249,4934568
2021-09-16 00:00:00+00:00,4926324,4936052
2021-09-17 00:00:00+00:00,4929546,4937596
2021-09-18 00:00:00+00:00,4929546,4939251
2021-09-19 00:00:00+00:00,4929546,4941064
2021-09-20 00:00:00+00:00,4935534,4942249
2021-09-21 00:00:00+00:00,4937984,4943622
2021-09-22 00:00:00+00:00,4940824,4945203
2021-09-23 00:00:00+00:00,4943855,4946811
2021-09-24 00:00:00+00:00,4946601,4948513
2021-09-25 00:00:00+00:00,4946601,4950253
2021-09-26 00:00:00+00:00,4946601,4951675
2021-09-27 00:00:00+00:00,4951640,4952690
2021-09-28 00:00:00+00:00,4953930,4954376
2021-09-29 00:00:00+00:00,4956691,4955848
2021-09-30 00:00:00+00:00,4959091,4957277
2021-10-01 00:00:00+00:00,4961128,4959144
2021-10-02 00:00:00+00:00,4961128,4960641
2021-10-03 00:00:00+00:00,4961128,4962054
2021-10-04 00:00:00+00:00,4965399,4963243
2021-10-05 00:00:00+00:00,4967200,4964454
2021-10-06 00:00:00+00:00,4969503,4965847
2021-10-07 00:00:00+00:00,4971310,4967524
2021-10-08 00:00:00+00:00,4973619,4969131
2021-10-09 00:00:00+00:00,4973619,4970718
2021-10-10 00:00:00+00:00,4973619,4972236
2021-10-11 00:00:00+00:00,4977448,4973325
2021-10-12 00:00:00+00:00,4977448,4974400
2021-10-13 00:00:00+00:00,4980206,4975656
2021-10-14 00:00:00+00:00,4982138,4977043
2021-10-15 00:00:00+00:00,4984386,4978689
2021-10-16 00:00:00+00:00,4984386,4980233
2021-10-17 00:00:00+00:00,4984386,4981532
2021-10-18 00:00:00+00:00,4988878,4982575
2021-10-19 00:00:00+00:00,4990767,4983527
2021-10-20 00:00:00+00:00,4993295,4984751
2021-10-21 00:00:00+00:00,4995176,4986249
2021-10-22 00:00:00+00:00,4997732,4988021
2021-10-23 00:00:00+00:00,4997732,4989681
2021-10-24 00:00:00+00:00,4997732,4991050
2021-10-25 00:00:00+00:00,5002217,4992586
2021-10-26 00:00:00+00:00,5004143,4994014
2021-10-27 00:00:00+00:00,5006675,4995694
2021-10-28 00:00:00+00:00,5008887,4997444
2021-10-29 00:00:00+00:00,5011148,4999048
2021-10-30 00:00:00+00:00,5011148,5000677
2021-10-31 00:00:00+00:00,5011148,5002387
2021-11-01 00:00:00+00:00,5011148,5003977
2021-11-02 00:00:00+00:00,5016968,5005402
2021-11-03 00:00:00+00:00,5019255,5007099
2021-11-04 00:00:00+00:00,5022546,5009007
2021-11-05 00:00:00+00:00,5025639,5010982
2021-11-06 00:00:00+00:00,5025639,5012981
2021-11-07 00:00:00+00:00,5025639,5015042
2021-11-08 00:00:00+00:00,5032056,5016959
2021-11-09 00:00:00+00:00,5032056,5019158
2021-11-10 00:00:00+00:00,5038517,5021619
2021-11-11 00:00:00+00:00,5042803,5024263
2021-11-12 00:00:00+00:00,5047156,5026822
2021-11-13 00:00:00+00:00,5047156,5029335
2021-11-14 00:00:00+00:00,5047156,5031945
2021-11-15 00:00:00+00:00,5056954,5034266
2021-11-16 00:00:00+00:00,5061045,5036287
2021-11-17 00:00:00+00:00,5067712,5038544
2021-11-18 00:00:00+00:00,5074027,5040665
2021-11-19 00:00:00+00:00,5080663,5042822
2021-11-20 00:00:00+00:00,5080663,5045412
2021-11-21 00:00:00+00:00,5080663,5048061
2021-11-22 00:00:00+00:00,5096538,5050255
2021-11-23 00:00:00+00:00,5103315,5052733
2021-11-24 00:00:00+00:00,5111842,5055253
2021-11-25 00:00:00+00:00,5121100,5057897
2021-11-26 00:00:00+00:00,5131012,5060557
2021-11-27 00:00:00+00:00,5131012,5063177
2021-11-28 00:00:00+00:00,5131012,5065373
2021-11-29 00:00:00+00:00,5153923,5067348
2021-11-30 00:00:00+00:00,5164184,5069644
2021-12-01 00:00:00+00:00,5174720,5071817
2021-12-02 00:00:00+00:00,5189220,5074079
2021-12-03 00:00:00+00:00,5202958,5076378
2021-12-04 00:00:00+00:00,5202958,5078987
2021-12-05 00:00:00+00:00,5202958,5081064
2021-12-06 00:00:00+00:00,5202958,5082762
2021-12-07 00:00:00+00:00,5246766,5084466
2021-12-08 00:00:00+00:00,5246766,5086381
2021-12-09 00:00:00+00:00,5273178,5088008
2021-12-10 00:00:00+00:00,5290273,5089695
2021-12-11 00:00:00+00:00,5290190,5091508
2021-12-12 00:00:00+00:00,5290190,5093534
2021-12-13 00:00:00+00:00,5339992,5095821
2021-12-14 00:00:00+00:00,5366128,5097680
2021-12-15 00:00:00+00:00,5393268,5099746
2021-12-16 00:00:00+00:00,5422168,5101466
2021-12-17 00:00:00+00:00,5455527,5103269
2021-12-18 00:00:00+00:00,5455527,5105285
2021-12-19 00:00:00+00:00,5455527,5107323
2021-12-20 00:00:00+00:00,5535231,5109022
2021-12-21 00:00:00+00:00,5585054,5110788
2021-12-22 00:00:00+00:00,5645095,5112719
2021-12-23 00:00:00+00:00,5718007,5115194
2021-12-24 00:00:00+00:00,5718007,5118254
2021-12-25 00:00:00+00:00,5718007,5121668
2021-12-26 00:00:00+00:00,5718007,5124690
2021-12-27 00:00:00+00:00,5932626,5127971
2021-12-28 00:00:00+00:00,6032297,5132277
2021-12-29 00:00:00+00:00,6133057,5138603
2021-12-30 00:00:00+00:00,6294745,5147039
2021-12-31 00:00:00+00:00,6294745,5157440
2022-01-01 00:00:00+00:00,6294745,5169855
2022-01-02 00:00:00+00:00,6294745,5181173
2022-01-03 00:00:00+00:00,6667511,5191021
2022-01-04 00:00:00+00:00,6785286,5203374
2022-01-05 00:00:00+00:00,6922466,5219633
2022-01-06 00:00:00+00:00,6922466,5242672
2022-01-07 00:00:00+00:00,7164906,5268862
2022-01-08 00:00:00+00:00,7164906,5300032
2022-01-09 00:00:00+00:00,7164906,5330662
2022-01-10 00:00:00+00:00,7457300,5357767
2022-01-11 00:00:00+00:00,7592242,5380841
2022-01-12 00:00:00+00:00,7771367,5410698
2022-01-13 00:00:00+00:00,7930528,5440981
2022-01-14 00:00:00+00:00,8093036,5475904
2022-01-15 00:00:00+00:00,8093036,5511479
2022-01-16 00:00:00+00:00,8093036,5543796
2022-01-17 00:00:00+00:00,8424503,5568068
2022-01-18 00:00:00+00:00,8518975,5596917
2022-01-19 00:00:00+00:00,8676916,5624520
2022-01-20 00:00:00+00:00,8834363,5655026
2022-01-21 00:00:00+00:00,8975458,5686065
2022-01-22 00:00:00+00:00,8975458,5714092
2022-01-23 00:00:00+00:00,8975458,5740179
2022-01-24 00:00:00+00:00,9280890,5761398
2022-01-25 00:00:00+00:00,9395767,5780910
2022-01-26 00:00:00+00:00,9529320,5798799
2022-01-27 00:00:00+00:00,9660208,5816462
2022-01-28 00:00:00+00:00,9779130,5837408
2022-01-29 00:00:00+00:00,9779130,5855858
2022-01-30 00:00:00+00:00,9779130,5871977
2022-01-31 00:00:00+00:00,9961253,5887261
2022-02-01 00:00:00+00:00,10039126,5901715
2022-02-02 00:00:00+00:00,10125348,5916825
2022-02-03 00:00:00+00:00,10199716,5930393
2022-02-04 00:00:00+00:00,10199716,5943783
2022-02-05 00:00:00+00:00,10199716,5956350
2022-02-06 00:00:00+00:00,10199716,5966706
2022-02-07 00:00:00+00:00,10395471,5975786
2022-02-08 00:00:00+00:00,10439302,5985516
2022-02-09 00:00:00+00:00,10502141,5994301
2022-02-10 00:00:00+00:00,10555196,6002570
2022-02-11 00:00:00+00:00,10604200,6007991
2022-02-12 00:00:00+00:00,10604200,6014563
2022-02-13 00:00:00+00:00,10604200,6020095
2022-02-14 00:00:00+00:00,10672906,6023257
2022-02-15 00:00:00+00:00,10707286,6026988
2022-02-16 00:00:00+00:00,10744394,6031130
2022-02-17 00:00:00+00:00,10778607,6035143
2022-02-18 00:00:00+00:00,10809222,6039163
2022-02-19 00:00:00+00:00,10809222,6043661
2022-02-20 00:00:00+00:00,10809222,6047042
2022-02-21 00:00:00+00:00,10858000,6049952
2022-02-22 00:00:00+00:00,10880193,6052126
2022-02-23 00:00:00+00:00,10914105,6054307
2022-02-24 00:00:00+00:00,10949997,6056556
2022-02-25 00:00:00+00:00,10977524,6058715
2022-02-26 00:00:00+00:00,10977524,6060793
2022-02-27 00:00:00+00:00,10977524,6062701
2022-02-28 00:00:00+00:00,10977524,6064583
2022-03-01 00:00:00+00:00,11036085,6065801
2022-03-02 00:00:00+00:00,11054888,6067023
2022-03-03 00:00:00+00:00,11078028,6068074
2022-03-04 00:00:00+00:00,11100428,6069425
2022-03-05 00:00:00+00:00,11100428,6070616
2022-03-06 00:00:00+00:00,11100428,6071704
2022-03-07 00:00:00+00:00,11136425,6072656
2022-03-08 00:00:00+00:00,11159574,6073416
2022-03-09 00:00:00+00:00,11181510,6074155
2022-03-10 00:00:00+00:00,11204125,6074874
2022-03-11 00:00:00+00:00,11223974,6075656
2022-03-12 00:00:00+00:00,11223974,6076333
2022-03-13 00:00:00+00:00,11223974,6076819
2022-03-14 00:00:00+00:00,11223974,6077288
2022-03-15 00:00:00+00:00,11260040,6077861
2022-03-16 00:00:00+00:00,11260040,6078487
2022-03-17 00:00:00+00:00,11260040,6079231
2022-03-18 00:00:00+00:00,11324637,6079896
2022-03-19 00:00:00+00:00,11324637,6080589
2022-03-20 00:00:00+00:00,11324637,6081131
2022-03-21 00:00:00+00:00,11324637,6081639
2022-03-22 00:00:00+00:00,11378784,6081933
2022-03-23 00:00:00+00:00,11378784,6082226
2022-03-24 00:00:00+00:00,11378784,6082577
2022-03-25 00:00:00+00:00,11451676,6082943
2022-03-26 00:00:00+00:00,11451676,6083291
2022-03-27 00:00:00+00:00,11451676,6083643
2022-03-28 00:00:00+00:00,11451676,6083939
2022-03-29 00:00:00+00:00,11508309,6084240
2022-03-30 00:00:00+00:00,11508309,6084551
